timestamp,correlation_id,tool,tokens_in,tokens_out,latency_ms,success
2025-12-05T00:11:02.436659Z,85514369,00_INIT,0,2108,0.14,ok
2025-12-05T00:11:02.524114Z,9eac2693,list_dir,3,699,2.39,ok
2025-12-05T00:11:02.535102Z,10f886ad,read_file,6,857,0.96,ok
2025-12-05T00:11:02.544481Z,852f930c,read_file,10,38,0.8,error
2025-12-05T00:11:02.551922Z,7065dbdb,non_existent_tool,0,11,0.22,error
2025-12-05T00:11:38.666820Z,caf3215c,00_INIT,0,2108,0.16,ok
2025-12-05T00:11:38.674909Z,69d2045d,list_dir,3,699,0.9,ok
2025-12-05T00:11:38.680624Z,c78d9fd4,read_file,6,857,0.47,ok
2025-12-05T00:11:38.686294Z,5f0bf8ce,read_file,10,38,0.35,error
2025-12-05T00:11:38.690943Z,55af7462,non_existent_tool,0,11,0.09,error
2025-12-05T00:11:38.702168Z,f99ecf89,execute_code,20,86,6.15,ok
2025-12-05T00:11:53.849137Z,fd6d6187,get_metrics,0,34,0.18,ok
2025-12-05T00:11:53.921575Z,511de47d,list_dir,3,722,1.85,ok
2025-12-05T00:11:53.932553Z,852a5736,stat,6,72,1.12,ok
2025-12-05T00:11:53.942272Z,2a77a04f,read_file,6,857,0.78,ok
2025-12-05T00:12:02.113364Z,4bde3b1e,rag_search,7,108,8162.46,ok
2025-12-05T00:12:02.163703Z,9f0ba215,rag_plan,7,28,9.39,error
2025-12-05T00:12:02.217985Z,4d39cc54,linux_proc_list,4,357,45.8,ok
2025-12-05T00:12:02.229261Z,ebb94770,linux_sys_snapshot,0,159,3.46,ok
2025-12-05T00:12:02.237015Z,e1dfd081,linux_fs_mkdir,12,22,0.58,ok
2025-12-05T00:12:02.269159Z,804f252e,linux_fs_write,21,46,20.79,ok
2025-12-05T00:12:02.334647Z,8fe65f72,read_file,10,37,0.84,ok
2025-12-05T00:12:02.346602Z,e81b4673,linux_fs_delete,12,19,2.85,ok
2025-12-05T00:12:02.354556Z,39faf8e0,non_existent_tool,0,11,0.18,error
2025-12-05T00:19:38.406403Z,5c150d1d,00_INIT,0,2108,0.12,ok
2025-12-05T00:19:38.413948Z,f5192f41,list_dir,3,699,0.59,ok
2025-12-05T00:19:38.419037Z,6b99407c,read_file,6,857,0.39,ok
2025-12-05T00:19:38.423896Z,ab7defc0,read_file,10,38,0.29,error
2025-12-05T00:19:38.427395Z,d85fad94,non_existent_tool,0,11,0.06,error
2025-12-05T00:19:38.438649Z,54a459be,execute_code,20,86,7.18,ok
2025-12-05T00:19:51.469599Z,c5a3030e,00_INIT,0,2108,0.18,ok
2025-12-05T00:19:51.477208Z,d0ca35e0,list_dir,3,699,0.87,ok
2025-12-05T00:19:51.482984Z,39c8cf27,read_file,6,857,0.54,ok
2025-12-05T00:19:51.488928Z,d6c00623,read_file,10,38,0.4,error
2025-12-05T00:19:51.493524Z,ca3700bb,non_existent_tool,0,11,0.08,error
2025-12-05T00:19:51.506737Z,37f66028,execute_code,20,86,8.51,ok
2025-12-05T02:05:21.638409Z,84487e88,00_INIT,0,2108,0.14,ok
2025-12-05T02:05:21.644486Z,6c6c71fc,read_file,5,3064,0.52,ok
2025-12-05T02:05:21.650660Z,f7ac909f,list_dir,3,776,0.89,ok
2025-12-05T02:05:21.654688Z,78a236c6,non_existent_tool,0,11,0.09,error
2025-12-05T02:05:21.661535Z,5eb8c8bf,read_file,8,35,0.58,error
2025-12-05T02:05:59.464321Z,0613931e,00_INIT,0,2108,0.14,ok
2025-12-05T02:05:59.470364Z,26ad2e9f,read_file,5,3064,0.39,ok
2025-12-05T02:05:59.476952Z,c89c5f9e,list_dir,3,776,0.91,ok
2025-12-05T02:05:59.481214Z,20565c6a,non_existent_tool,0,11,0.09,error
2025-12-05T02:06:02.672771Z,637a39ef,execute_code,27,103,3185.49,ok
2025-12-05T02:06:02.685904Z,e18614b0,execute_code,23,94,1.68,ok
2025-12-05T02:06:02.735789Z,61acf111,execute_code,27,71,43.71,ok
2025-12-05T16:22:11.964250Z,5024b1e0,read_file,5,3071,1.11,ok
2025-12-05T16:22:12.030715Z,3ae07cad,list_dir,3,895,2.92,ok
2025-12-05T16:22:12.038966Z,372905a0,00_INIT,0,2108,0.34,ok
2025-12-05T16:22:57.005386Z,ed8fadb3,read_file,5,3071,0.42,ok
2025-12-05T16:22:57.045722Z,249de2bb,list_dir,3,895,2.14,ok
2025-12-05T16:22:57.055127Z,bfa98fc5,execute_code,11,19,0.62,ok
2025-12-05T16:22:57.063083Z,9698f0ce,00_INIT,0,2108,0.28,ok
2025-12-05T16:23:20.211940Z,b8a55eed,read_file,5,3071,0.63,ok
2025-12-05T16:23:20.219598Z,dabdf704,list_dir,3,894,0.76,ok
2025-12-05T16:23:20.224742Z,f8c60a37,execute_code,11,19,0.33,ok
2025-12-05T16:23:20.230253Z,2e23b400,00_INIT,0,2108,0.24,ok
2025-12-05T16:23:20.249839Z,1833d651,execute_code,22,20,12.69,ok
2025-12-05T16:23:20.256971Z,39872392,execute_code,16,18,0.59,ok
2025-12-05T16:23:20.264674Z,35584463,execute_code,20,19,0.54,ok
2025-12-05T16:23:20.272015Z,4f0aac69,execute_code,18,18,0.52,ok
2025-12-05T16:23:20.279850Z,0ae3b904,execute_code,17,18,0.52,ok
2025-12-05T16:23:20.287399Z,81fd8c20,execute_code,20,19,0.45,ok
2025-12-05T16:23:20.295061Z,b219c8d3,execute_code,16,17,0.53,ok
2025-12-05T16:23:20.303861Z,97e841c8,execute_code,20,19,0.54,ok
2025-12-05T16:23:20.311996Z,8de0d98e,execute_code,19,19,0.55,ok
2025-12-05T16:23:20.323356Z,16295cf1,execute_code,16,908,4.14,ok
2025-12-05T16:23:20.330800Z,28c868d3,execute_code,20,20,0.56,ok
2025-12-05T16:23:20.339195Z,78ae9866,execute_code,19,19,0.54,ok
2025-12-05T16:23:20.347118Z,86fc7779,execute_code,19,19,0.47,ok
2025-12-05T16:23:20.354656Z,26e7f804,execute_code,15,17,0.48,ok
2025-12-05T16:23:20.362572Z,c40bc354,execute_code,19,19,0.46,ok
2025-12-05T16:23:20.371928Z,08018ca6,execute_code,18,3122,2.72,ok
2025-12-05T16:23:20.379175Z,f54ab65b,execute_code,20,19,0.41,ok
2025-12-05T16:23:26.163561Z,c9c8924e,execute_code,18,16417,5777.35,ok
2025-12-05T16:23:26.174336Z,60e4633c,execute_code,14,17,0.34,ok
2025-12-05T16:23:26.180901Z,f44e466b,execute_code,19,19,0.34,ok
2025-12-05T16:23:26.187189Z,b9f27c24,execute_code,17,18,0.42,ok
2025-12-05T16:23:26.195368Z,2bb85b1e,execute_code,18,18,0.48,ok
2025-12-05T16:23:26.203563Z,d5d2e3a0,execute_code,21,20,0.55,ok
2025-12-05T16:23:26.212189Z,8a0278e6,execute_code,20,19,0.67,ok
2025-12-05T16:23:26.224127Z,a8b90ee3,execute_code,19,32,4.02,ok
2025-12-05T16:23:26.232188Z,1576be7b,execute_code,20,19,0.47,ok
2025-12-05T16:23:26.241909Z,851e15d7,execute_code,17,18,0.57,ok
2025-12-08T01:38:12.402230Z,cdf953ba,00_INIT,0,2108,0.14,ok
2025-12-08T01:38:12.433714Z,a1333c1f,list_dir,3,949,1.54,ok
2025-12-08T01:38:12.440109Z,cce8f98d,read_file,6,902,0.47,ok
2025-12-08T01:38:12.445785Z,2b06649e,read_file,10,38,0.36,error
2025-12-08T01:38:12.449995Z,fcb0a6ac,non_existent_tool,0,11,0.07,error
2025-12-08T01:38:12.455250Z,e872cd8d,execute_code,20,102,0.5,error
2025-12-08T01:40:07.078471Z,5b242e5c,00_INIT,0,2108,0.15,ok
2025-12-08T01:40:07.164716Z,1c1cdb19,list_dir,8,385,1.17,ok
2025-12-08T01:40:07.171614Z,d2a7ea56,read_file,11,313,0.54,ok
2025-12-08T01:40:07.178680Z,ecba8c74,execute_code,38,102,0.84,error
2025-12-08T01:40:07.184676Z,7d4587a2,execute_code,39,102,0.2,error
2025-12-08T01:40:07.191245Z,b1d09c97,execute_code,40,102,0.24,error
2025-12-08T01:40:07.198675Z,82295252,execute_code,34,102,0.29,error
2025-12-08T01:40:07.205249Z,a2143b21,execute_code,36,102,0.21,error
2025-12-08T01:40:07.212469Z,7613507f,execute_code,40,102,0.33,error
2025-12-08T01:40:07.219324Z,0a9f8301,execute_code,35,102,0.24,error
2025-12-08T01:40:07.225127Z,ae345842,execute_code,44,102,0.22,error
2025-12-08T01:40:07.230411Z,128d1278,execute_code,52,102,0.22,error
2025-12-08T01:40:07.236067Z,cd00d5b2,execute_code,41,102,0.21,error
2025-12-08T01:40:07.243397Z,e6656f1a,execute_code,45,102,0.28,error
2025-12-08T01:40:07.249639Z,883e7ae7,execute_code,28,102,0.23,error
2025-12-08T01:40:07.254273Z,acb45934,execute_code,41,102,0.13,error
2025-12-08T01:40:44.645336Z,815e0b58,00_INIT,0,2108,0.14,ok
2025-12-08T01:40:44.652953Z,52f841cb,list_dir,8,385,0.94,ok
2025-12-08T01:40:44.660155Z,2cf6bc67,read_file,11,313,0.5,ok
2025-12-08T01:40:44.679770Z,f328bbd5,execute_code,38,19,13.92,ok
2025-12-08T01:40:47.466261Z,4f8ae867,execute_code,39,20,2780.39,ok
2025-12-08T01:40:47.658486Z,539ff27d,execute_code,40,20,163.2,ok
2025-12-08T01:40:47.705071Z,345e9a1b,execute_code,34,19,1.41,ok
2025-12-08T01:40:47.712412Z,0bac2227,execute_code,36,18,2.36,ok
2025-12-08T01:40:47.792117Z,b3f139b1,execute_code,40,21,74.77,ok
2025-12-08T01:40:47.936363Z,71632a6e,execute_code,35,19,102.79,ok
2025-12-08T01:40:47.947088Z,72df8ee1,execute_code,44,18,1.78,ok
2025-12-08T01:40:47.962960Z,c19af40d,execute_code,52,18,10.97,ok
2025-12-08T01:40:47.969110Z,12e810a5,execute_code,41,18,1.14,ok
2025-12-08T01:40:47.976563Z,b054f787,execute_code,45,18,2.56,ok
2025-12-08T01:40:48.020475Z,45bda6af,execute_code,28,20,38.66,ok
2025-12-08T01:40:48.126784Z,2c85352d,execute_code,41,20,42.73,ok
